{
  "dataset_size": 50,
  "feature_count": 16,
  "logistic_regression": {
    "accuracy": 0.7692307692307693,
    "report": {
      "0": {
        "precision": 0.6,
        "recall": 0.75,
        "f1-score": 0.6666666666666666,
        "support": 4.0
      },
      "1": {
        "precision": 0.875,
        "recall": 0.7777777777777778,
        "f1-score": 0.8235294117647058,
        "support": 9.0
      },
      "accuracy": 0.7692307692307693,
      "macro avg": {
        "precision": 0.7375,
        "recall": 0.7638888888888888,
        "f1-score": 0.7450980392156863,
        "support": 13.0
      },
      "weighted avg": {
        "precision": 0.7903846153846155,
        "recall": 0.7692307692307693,
        "f1-score": 0.77526395173454,
        "support": 13.0
      }
    },
    "avg_probability": 0.5538894102115781
  },
  "random_forest": {
    "accuracy": 0.9230769230769231,
    "report": {
      "0": {
        "precision": 0.8,
        "recall": 1.0,
        "f1-score": 0.8888888888888888,
        "support": 4.0
      },
      "1": {
        "precision": 1.0,
        "recall": 0.8888888888888888,
        "f1-score": 0.9411764705882353,
        "support": 9.0
      },
      "accuracy": 0.9230769230769231,
      "macro avg": {
        "precision": 0.9,
        "recall": 0.9444444444444444,
        "f1-score": 0.9150326797385621,
        "support": 13.0
      },
      "weighted avg": {
        "precision": 0.9384615384615385,
        "recall": 0.9230769230769231,
        "f1-score": 0.9250879839115134,
        "support": 13.0
      }
    },
    "avg_probability": 0.5995654763602956
  }
}